Nombre,Dirección,Email,Teléfono,Localidad,Provincia,Latitud,Longitud,Barrio
"Lic. Marinangeli, Aldana Lucía","Av. Lastra 3884 5° ""21""",aldanamarinangeli@hotmail.com,15-4047-6987,Ciudad de Buenos Aires,Ciudad de Buenos Aires,-34.607521057128906,-58.5212516784668,Villa Devoto - Villa Real - Monte Castro
"Lic. Eizaguirre, María Bárbara",Otamendi 629,mbeizaguirre@gmail.com,15-3825-2898 (Solo WhatsApp),Ciudad de Buenos Aires,Ciudad de Buenos Aires,-34.60942459106445,-58.434295654296875,Caballito - Parque Chacabuco
"Lic. Drake, Marina Alejandra","Esmeralda 961 6° ""H""",,(011) 4311-7864,Ciudad de Buenos Aires,Ciudad de Buenos Aires,-34.596923828125,-58.3785400390625,Centro - Retiro - Monserrat - Puerto Madero
"Lic. Kurlat, Verónica Liliana","Esmeralda 961 6° ""H""",vkurlat@gmail.com,15-5720-2124,Ciudad de Buenos Aires,Ciudad de Buenos Aires,-34.596923828125,-58.3785400390625,Centro - Retiro - Monserrat - Puerto Madero
"Lic. López Amalfará, María Luciana","Av. Cabildo 1116 2° ""D""",,(011) 4784-0201,Ciudad de Buenos Aires,Ciudad de Buenos Aires,-34.56880569458008,-58.44736862182617,Belgrano - Colegiales
"Dra. Butman, Telma Judith","Charcas 4189 1° ""C""",drajudithbutman@yahoo.com.ar,(011) 4833-7439 15-4960-6521 (Solo WhatsApp),Ciudad de Buenos Aires,Ciudad de Buenos Aires,-34.58451843261719,-58.42194366455078,Palermo
"Lic. Koulaksizian, Lorena Cecilia","Blanco Encalada 2323 13° ""F""",lorekou@yahoo.com.ar,15-5700-7352,Ciudad de Buenos Aires,Ciudad de Buenos Aires,-34.558570861816406,-58.458499908447266,Belgrano - Colegiales
"Lic. Ronqui, María Clara",Atención virtual exclusivamente,mariaclararonqui@gmail.com,15-6160-0059,Ciudad de Buenos Aires,Ciudad de Buenos Aires,-34.604957580566406,-58.49283218383789,Caballito - Parque Chacabuco
"Lic. Quattrone, Claudia María","Julián Álvarez 829 1° ""A""",,15-3160-4242,Ciudad de Buenos Aires,Ciudad de Buenos Aires,-34.597862243652344,-58.43159866333008,Chacarita - Villa Ortúzar- Villa Crespo
"Lic. Diz, Lorena Cristina","Miralla 1058 6° ""A""",lorediz@yahoo.com.ar,15-6019-4902,Ciudad de Buenos Aires,Ciudad de Buenos Aires,-34.64874267578125,-58.49980163574219,Mataderos - Parque Avellaneda
"Lic. Escobar, Mirna Moira","Aráoz 2095 P.B. ""A""",mirnaescobar@psi.uba.ar,,Ciudad de Buenos Aires,Ciudad de Buenos Aires,-34.588523864746094,-58.41949462890625,Palermo
"Lic. Arroyo, Sofía",Sánchez de Bustamante 1346,sofiaarroyo80@hotmail.com,(011) 4963-3900,Ciudad de Buenos Aires,Ciudad de Buenos Aires,-34.59480667114258,-58.41286087036133,Recoleta
"Lic. Dorpinghaus, Andrea",Atención virtual exclusivamente,andreadorpinghaus@yahoo.com,15-5645-5177,Ciudad de Buenos Aires,Ciudad de Buenos Aires,-34.604957580566406,-58.49283218383789,Recoleta
"Lic. Menéndez, Silvina María","García de Cossio 5524 1° ""A""",silvinamariamenendez@gmail.com,15-5039-0459,Ciudad de Buenos Aires,Ciudad de Buenos Aires,-34.64013671875,-58.50812911987305,Liniers - Versailles - Villa Luro - Vélez Sarsfield
"Lic. Escalante, Natalia Verónica",Palestina 514,nvescalante@hotmail.com,(011) 15-5179-7521,Ciudad de Buenos Aires,Ciudad de Buenos Aires,-34.60574722290039,-58.42621612548828,Boedo - Almagro - Congreso - San Cristóbal
"Lic. Trava, Mariela Lorena","Av. Acoyte 76 1° ""A""",mariela-psi@hotmail.com,15-6556-6381,Ciudad de Buenos Aires,Ciudad de Buenos Aires,-34.61747360229492,-58.436973571777344,Caballito - Parque Chacabuco
"Lic. Iglesias, Sandra Romina",Atención virtual exclusivamente,sanromiglesias@yahoo.com.ar,15-6294-4672,Ciudad de Buenos Aires,Ciudad de Buenos Aires,-34.604957580566406,-58.49283218383789,Caballito - Parque Chacabuco
"Lic. Torres, María Fernanda",Matheu 2139,ma.fernanda.torres@hotmail.com,(011) 4308-3010 15-3559-2425,Ciudad de Buenos Aires,Ciudad de Buenos Aires,-34.63484573364258,-58.396339416503906,Nueva Pompeya - Parque Patricios
"Lic. Pizzini, Alejandra Liliana","Av. Corrientes 2928 2° ""H""",alejandrapizzini@hotmail.com,15-3289-7118 15-6085-7778,Ciudad de Buenos Aires,Ciudad de Buenos Aires,-34.604515075683594,-58.407081604003906,Boedo - Almagro - Congreso - San Cristóbal
"Lic. Prilucas, María Carolina","Av. Rivadavia 6368 13° ""C""",carolinaprilucas@gmail.com,15-4049-4344,Ciudad de Buenos Aires,Ciudad de Buenos Aires,-34.62666320800781,-58.456085205078125,Flores - Floresta
"Lic. Balestrero, Sandra Beatriz","Echeverría 5246 1° ""4""",sbbq64@gmail.com,,Ciudad de Buenos Aires,Ciudad de Buenos Aires,-34.580284118652344,-58.483299255371094,Villa Pueyrredón - Villa Urquiza
"Lic. Goñi, Inés",Cnel. Niceto Vega 5210,steps.ines@gmail.com,15-3140-7178,Ciudad de Buenos Aires,Ciudad de Buenos Aires,-34.589576721191406,-58.43547439575195,Palermo
"Lic. Corzo, Paula Denise",Av. Sáenz 347,licpaulacorzo@hotmail.com,15-3252-5485,Ciudad de Buenos Aires,Ciudad de Buenos Aires,-34.643497467041016,-58.41615295410156,Nueva Pompeya - Parque Patricios
"Lic. Melluso, Valeria Alejandra",Av. de los Incas 3315 1°,valeriamelluso@hotmail.com,15-5104-3472,Ciudad de Buenos Aires,Ciudad de Buenos Aires,-34.572547912597656,-58.46112060546875,Belgrano - Colegiales
"Lic. Chiesa, Valeria Soledad","Av. Rivadavia 9368 4° ""D""",evaluacionpsicologicaluro@gmail.com,(011) 4313-5066 15-5049-6720 (Solo WhatsApp),Ciudad de Buenos Aires,Ciudad de Buenos Aires,-34.63713836669922,-58.49568176269531,Liniers - Versailles - Villa Luro - Vélez Sarsfield
"Lic. Berger, Claudia","Lavalleja 173 3° ""27""",cg_berger@yahoo.com.ar,15-5765-0761,Ciudad de Buenos Aires,Ciudad de Buenos Aires,-34.602542877197266,-58.43677520751953,Chacarita - Villa Ortúzar- Villa Crespo
"Lic. Carluccio, Valeria",Emilio Mitre 71,licenciadacarlucciovaleria@gmail.com,15-3804-3959,Martínez,Buenos Aires,-34.48640823364258,-58.501068115234375,Martínez - La Lucila
"Lic. Carluccio, Valeria",Italia 2369,licenciadacarlucciovaleria@gmail.com,15-3804-3959,Martínez,Buenos Aires,-34.493648529052734,-58.50086212158203,Martínez - La Lucila
"Lic. Liuzzo, Lila","Av. Maipú 1595 13° ""B""",liuzzo.lila@gmail.com,15-6187-3071,Vicente López,Buenos Aires,-34.523094177246094,-58.483726501464844,Olivos - Vicente López
"Lic. Lamaletto, Luciana","Av. E. Tapia de Cruz 666 1° ""1""",luciana_lamaletto@hotmail.com,15-6928-1114,Escobar,Buenos Aires,-34.34718704223633,-58.79330062866211,Matheu - Escobar - Maquinista Savio - Ing. Maschwitz
"Lic. Harris, Paula",Atención virtual exclusivamente,paulaharrisracedo@gmail.com,15-4437-2878,Beccar,Buenos Aires,-34.4639892578125,-58.53564453125,Punta Chica - Virreyes - Victoria - Beccar
"Lic. Peon, María Laura",Luis Piedrabuena 1805,mlpeon@hotmail.com,15-4526-6439 (Solo WhatsApp),Villa Adelina,Buenos Aires,-34.52360534667969,-58.5477294921875,Boulogne - Carapachay - Villa Adelina - La Horqueta
"Lic. Canseco, Valeria Soledad",Hilarión de la Quintana 1795,valeria.canseco@gmail.com,15-5725-4650,Florida Este,Buenos Aires,-34.52226638793945,-58.48732376098633,Florida - Munro - Villa Martelli
"Lic. Pellegrini, Mariel","Vélez Sarsfield 20 5° ""A""",,15-4075-9437,Martínez,Buenos Aires,-34.490501403808594,-58.5,Martínez - La Lucila
"Lic. Blengine, Jimena Cecilia",Italia 1435,jimenablengine@hotmail.com,15-4041-2481,Florida Este,Buenos Aires,-34.52007293701172,-58.48609924316406,Florida - Munro - Villa Martelli
"Lic. Menéndez, Silvina María",Luis Piedrabuena 1805,silvinamariamenendez@gmail.com,,Villa Adelina,Buenos Aires,-34.52360534667969,-58.5477294921875,Boulogne - Carapachay - Villa Adelina - La Horqueta
"Lic. Garavaglia, Mónica Alejandra",Carlos Villate 2477,monigara@hotmail.com,15-5161-2977,Olivos,Buenos Aires,-34.52113342285156,-58.498287200927734,Olivos - Vicente López
"Lic. Squillari, Mónica Zulema","Dardo Rocha 1955 ""2""",mozu2004@hotmail.com,15-6669-3147,San Martín,Buenos Aires,-34.5831184387207,-58.542137145996094,San Martín-San Andrés-Villa Lynch-Villa Maipú-Villa Zagala
"Lic. Bolibar, María Florencia","Au. Panamericana Km. 43,5 4° ""89"" Complejo Ayres Vila Ed. Skyglass II",,15-5528-8098,Del Viso,Buenos Aires,-34.435306549072266,-58.797821044921875,Tortuguitas - Del Viso - Manuel Alberti
"Lic. Bolibar, María Florencia","Au. Panamericana Km. 49,5 1° ""107"" Complejo Concord Ed. Los Almendros",,15-5528-8098,Pilar,Buenos Aires,-34.44059753417969,-58.865455627441406,Pilar - Pte. Derqui - Villa Morra - La Lonja - Villa Rosa
"Lic. Bolibar, María Florencia",Villa Adelina G. C. 1950,florbolibar@hotmail.com,15-5528-8098,Manuel Alberti,Buenos Aires,-34.438819885253906,-58.75749969482422,Tortuguitas - Del Viso - Manuel Alberti
"Lic. Martínez, Mariel Betina",Lago Lacar 1031,marielbmartinez05@gmail.com,15-4496-2517,Bella Vista,Buenos Aires,-34.573997497558594,-58.69282913208008,Hurlingham-B.Vista-Muñiz-San Miguel-J.C.Paz-Los Polvorines
"Lic. Bolibar, María Florencia",Villa Adelina G. C. 1950,evaluacionesnp@gmail.com,15-5528-8098,Manuel Alberti,Buenos Aires,-34.438819885253906,-58.75749969482422,Tortuguitas - Del Viso - Manuel Alberti
"Lic. Pérez Gaviña, María Alejandra",Av. de Mayo 67 3°,alejandragavina@hotmail.com,15-5988-7039,Ramos Mejía,Buenos Aires,-34.64165496826172,-58.56553649902344,Ciudadela - Ramos Mejía - José Ingenieros
"Lic. De Vicenzo, Myrian Beatriz","Pje. Bayardi 2577 3° ""A""",mbdevicenzo@yahoo.com.ar,15-6123-2451,Castelar,Buenos Aires,-34.65233612060547,-58.64030838012695,Castelar - Ituzaingó
"Lic. Mendoza, Rodolfo Adrián","Álvarez Jonte 450 2° ""C""",adrianmendo@yahoo.com.ar,15-5497-9255,Ramos Mejía,Buenos Aires,-34.64014434814453,-58.56968688964844,Ciudadela - Ramos Mejía - José Ingenieros
"Lic. Mendoza, Rodolfo Adrián","Vicente López 39 1° ""A""",adrianmendo@yahoo.com.ar,15-5497-9255,Ramos Mejía,Buenos Aires,-34.640811920166016,-58.56867218017578,Ciudadela - Ramos Mejía - José Ingenieros
"Lic. Mendoza, Rodolfo Adrián","Av. Rivadavia 13876 7° ""L""",adrianmendo@yahoo.com.ar,15-5497-9255,Ramos Mejía,Buenos Aires,-34.64057922363281,-58.56242752075195,Ciudadela - Ramos Mejía - José Ingenieros
"Lic. Cuenca, Carolina Jimena","Av. Gaona 2550 1° ""3""",lic.c.cuenca@gmail.com,15-5383-7208 (Solo WhatsApp),Ramos Mejía,Buenos Aires,-34.63777542114258,-58.564544677734375,Ciudadela - Ramos Mejía - José Ingenieros
"Lic. Luchetti, Yanina Laura",Molina Arrotea 1340,yaninaluchetti@gmail.com,15-3666-6952,Lomas de Zamora,Buenos Aires,-34.766929626464844,-58.41783905029297,Banfield - Temperley - San José-Lomas de Zamora - Ing. Budge
"Lic. Iglesias, Sandra Romina",Atención virtual exclusivamente,sanromiglesias@yahoo.com.ar,15-6294-4672,Lanús Este,Buenos Aires,-34.71303939819336,-58.371978759765625,V. Alsina - Gerli - Monte Chingolo - R. de Escalada - Lanús
"Lic. Díaz, Natalia Soledad","Av. Hipólito Yrigoyen 9183 6° ""A""",nsoledad.diaz@gmail.com,15-3023-8300,Lomas de Zamora,Buenos Aires,-34.762542724609375,-58.40271759033203,Banfield - Temperley - San José-Lomas de Zamora - Ing. Budge
"Lic. Pellegrino, Cecilia","Cnel. Ramos 10 3° ""B""",cecipell@yahoo.com.ar,15-6484-6330,Lanús Oeste,Buenos Aires,-34.701263427734375,-58.39162826538086,V. Alsina - Gerli - Monte Chingolo - R. de Escalada - Lanús
"Lic. Garavagno, Hernando Damián","Leandro N. Alem 1303 2° ""G""",,15-5996-9979,Banfield,Buenos Aires,-34.745304107666016,-58.3961067199707,Banfield - Temperley - San José-Lomas de Zamora - Ing. Budge
"Lic. Asorey, Ana Laura",Alsina 441,alasorey@gmail.com,15-5956-7015,Quilmes Este,Buenos Aires,-34.71920394897461,-58.25300979614258,Quilmes - Ezpeleta
"Lic. Asorey, Ana Laura",Calle 158 Nº 5258,alasorey@gmail.com,15-5956-7015,Hudson,Buenos Aires,-34.78852844238281,-58.163597106933594,Ranelagh - Berazategui - J. M. Gutiérrez - Plátanos - Hudson
"Lic. Vergatti, Verónica N.","Castro Barros 171 1° ""A""",veronicavergatti@yahoo.com,15-6507-3799,Bernal Este,Buenos Aires,-34.71315002441406,-58.282772064208984,Don Bosco - Bernal
"Lic. Bacaro, Valeria","Juan B. Palaá 622 5° ""B""",valecj111213@gmail.com,15-4087-2100,Avellaneda,Buenos Aires,-34.66472625732422,-58.368289947509766,Avellaneda - Dock Sud - Gerli - Piñeyro
"Lic. Zamparolo, Pamela",Quintana 144,,(0236) 15-4312995,Junín,Buenos Aires,-34.59022903442383,-60.9438362121582,Junín y alrededores
"Lic. Nastasi, Mariana","Calle 3 N° 437 1/2 PB ""4""",,(0221) 503-9862,La Plata,Buenos Aires,-34.90425109863281,-57.95471954345703,La Plata
Lic. Ruiz Sanchez Almudena,Alsina 95 5°,,(0291) 4620-947,Bahía Blanca,Buenos Aires,-38.717796325683594,-62.264163970947266,Bahía Blanca y alrededores
"Lic. Asorey, Ana Laura",Calle 158 Nº 5258,alasorey@gmail.com,15-5956-7015,Hudson,Buenos Aires,-34.78852844238281,-58.163597106933594,Ranelagh - Berazategui - J. M. Gutiérrez - Plátanos - Hudson
Lic. Fucci Maria Laura,Sarmiento 581,,(02226) 15-680725,Cañuelas,Buenos Aires,-35.056251525878906,-58.760311126708984,Cañuelas
"Lic. Rojido, Manuela",Diag. Piria 304,,(0221) 473-3314 (0221) 15-569-0430,Villa Elisa,Buenos Aires,-34.854759216308594,-58.06917190551758,Villa Elisa
"Lic. Friossi, Maria Belen",Donatti 1032,,(011) 15-33543451,Luján,Buenos Aires,-34.581260681152344,-59.098392486572266,Luján
"Lic. Nastasi, Mariana",Av. 7 N° 1119,,(0221) 15-610-7645,Tolosa,Buenos Aires,-34.890987396240234,-57.9813117980957,Tolosa
"Lic. Uberti, Jimena",Mariano Moreno 1490,,(011)156510-7097,Luján,Buenos Aires,-34.57158279418945,-59.116214752197266,Luján
"Lic. Uberti, Jimena",Ituzaingo 231,,(011)15-65107097,Luján,Buenos Aires,-34.568092346191406,-59.12034606933594,Luján
"Lic. Garavaglia, María Eugenia",Almafuerte 170,,(0336) 15-4676701,San Nicolás,Buenos Aires,-33.33483123779297,-60.214637756347656,San Nicolás
"Lic. Porta, Marina Ines",Pinto 132,,(02477) 15-569297 solo WhatsApp,Pergamino,Buenos Aires,-33.89360809326172,-60.567108154296875,Pergamino
"Lic. Sigifredo, Pamela Agata",Av. Gral.Martín Miguel de Güemes 630,,(0388) 437-8711 (0383) 15-4038167,San Fernando del Valle,Catamarca,Latitud no disponible,Longitud no disponible,Catamarca
"Lic. Farcy, Carolina Verónica","José Roque Funes 1761 1° ""C""",farcycarolina@hotmail.com,(0351) 156-558898,Córdoba Capital,Córdoba,-31.372509002685547,-64.23776245117188,Córdoba Capital
"Lic. Campos Garnica, Magdalena","Gral Jose Maria Paz 120 4° ""A""",m.magda.campos@gmail.com,0351-15-255-4235,Córdoba Capital,Córdoba,-31.413450241088867,-64.18572235107422,Córdoba Capital
"Lic. Almada, Sonia Mariel","Duarte Quiros 881 1° ""11"" B° Alberdi",soniamarielalmada@gmail.com,(0351) 156-524119,Córdoba Capital,Córdoba,-31.415813446044922,-64.19709014892578,Córdoba Capital
"Lic. Casasnovas, María Mercedes",Mitre 944,,(0358) 156012608,Río Cuarto,Córdoba,-33.12496566772461,-64.35295867919922,Río Cuarto y alrededores
"Lic. Casasnovas, María Mercedes",Mitre 517,,(0358) 465-0815,Río Cuarto,Córdoba,-33.12080383300781,-64.35186767578125,Río Cuarto y alrededores
"Lic. Casasnovas, María Mercedes",Maipu 1863,,(0358) 1560-12608,Río Cuarto,Córdoba,-33.13232421875,-64.36295318603516,Río Cuarto y alrededores
Lic. Suarez Pamela Sabrina,La Rioja 1212,,(0353) 154205052,Villa María,Córdoba,-32.40693283081055,-63.24555587768555,Villa María
"Lic. González Palau, Fátima",Pedro Laplace 5264,fatimagonzalezpalau@gmail.com,(0351) 157-595995,Córdoba Capital,Córdoba,-31.36189079284668,-64.25032806396484,Córdoba Capital
Lic. Ludueña Jennie Leysa,Gral. Roca 68,,(03533)42-0620,Las Varillas,Córdoba,-31.871999740600586,-62.72015380859375,Las Varillas
Lic. Ludueña Jennie Leysa,Mariano Moreno 285,,(03533)42-1633,Las Varillas,Córdoba,-31.875246047973633,-62.71699142456055,Las Varillas
CIREHA,Pedro Simón Laplace 5400,cireha@cireha.com.ar,(03543) 442-847,Córdoba Capital,Córdoba,-31.361045837402344,-64.248291015625,Córdoba Capital
Lic. Di Giorgio Pablo Daniel,Córdoba 137,,(03533)1568-6100,Las Varillas,Córdoba,-31.873485565185547,-62.72359085083008,Las Varillas
"Lic. Vega, Ruth Mabel","9 de Julio 229 2° ""23"" B° Centro",lic.ruthvega@gmail.com,(03549) 15-456142,Córdoba Capital,Córdoba,-31.413843154907227,-64.18659973144531,Córdoba Capital
"Lic. Fabbro, Franca",Sobremonte 1376,,(0358) 463-3265,Río Cuarto,Córdoba,-33.13064193725586,-64.35041809082031,Río Cuarto y alrededores
"Lic. Beccaría, Erika",Los Arrayanes 2245,,(03583) 1564-7713,Las Higueras,Córdoba,-33.090999603271484,-64.30245971679688,Las Higueras
"Lic. Llensa, María de los Ángeles","27 de Abril 666 1° ""A""",angelesllensa@yahoo.com.ar,(0351) 155-933133,Córdoba Capital,Córdoba,-31.41455841064453,-64.19347381591797,Córdoba Capital
"Lic. Gonzalez Amuchastegui, Carolina Maria",Mayor Arruabarena 2058 B° Cerro de las Rosas,licgonamu@gmail.com,(0351) 152-353357,Córdoba Capital,Córdoba,Latitud no disponible,Longitud no disponible,Córdoba Capital
"Lic. Gonzalez Amuchastegui, Carolina Maria",Ricardo Rojas 6759 1°,caroamuchastegui@hotmail.com,(0351) 152-353357,Córdoba Capital,Córdoba,Latitud no disponible,Longitud no disponible,Córdoba Capital
"Lic. Tillard, Sofía","Bv. Chacabuco 41 1° ""D"" B° Centro",sofiatillard@gmail.com,(0351) 153-592075,Córdoba Capital,Córdoba,-31.417707443237305,-64.18000030517578,Córdoba Capital
CATEPSI S.R.L.,Jiménez de Lorca 4316,turnos@catepsi.com.ar,(0351) 481-7294 (0351) 476-6481,Córdoba Capital,Córdoba,-31.36787223815918,-64.23233795166016,Córdoba Capital
Clínica de Ojos Reyes-Giobellina,Humberto 1° 546,administracion@reyes-giobellina.com.ar,(0351) 422-3172 (0351) 423-5128 (0351) 421-3373,Córdoba Capital,Córdoba,-31.407806396484375,-64.1893081665039,Córdoba Capital
Lic. Roggero Dianela Sofía,Garibaldi 844,,(03467)400-353 - (03467)1541-6232,Cruz Alta,Córdoba,-33.00786209106445,-61.809776306152344,Cruz Alta
"Lic. Cúneo, Melina",Córdoba 134,,(03537) 413-513,Bell Ville,Córdoba,-32.62965774536133,-62.68708419799805,Bell Ville
"Lic. Urquiza, Laura",Mza. 74 Lote 3 Los Árboles - Valle Escondido,lauraurquiza23@gmail.com,(0351) 155-070262,Córdoba Capital,Córdoba,-31.378053665161133,-64.27143859863281,Córdoba Capital
"Lic. Urquiza, Laura",Mahatma Gandhi 745 B° Nuevo Urca,lauraurquiza23@gmail.com,(0351) 155-070262,Córdoba Capital,Córdoba,-31.38045310974121,-64.26950073242188,Córdoba Capital
Lic. Martinelli Micaela Soledad,Espeña esq. Chile,,(0353)15565-3343,Hernando,Córdoba,-32.42489242553711,-63.73289108276367,Hernando
Hospital Privado S.A.,Naciones Unidas 346,,(0351) 468-8200,Córdoba Capital,Córdoba,-31.442401885986328,-64.20039367675781,Córdoba Capital
Lic. Fornero Virginia Gabriela,J. L. de Cabrera 2028,,(03564) 648-685,San Francisco,Córdoba,-31.42595863342285,-62.088016510009766,San Francisco y alrededores
"Lic. Mella, María Paula",General Paz 147,,(03537) 656432,Bell Ville,Córdoba,-32.63161849975586,-62.689537048339844,Bell Ville
"Lic. Cordoba, Ivana Daniela",Avda del Trabajo 459 B° Talleres Oeste,espacioarcoiris459@gmail.com,0351-15-356-8179,Córdoba Capital,Córdoba,-31.397052764892578,-64.16836547851562,Córdoba Capital
"Lic. Perdigues, María Florencia",Uriburu 355,,0260-154602401,Malargüe,Mendoza,-35.46955108642578,-69.58406829833984,Departamento Malargüe
Lic. Mathiot Analía,Sarmiento 43 Centro Médico Cervantes,,(0261) 652-0333 (0261) 156626966,Luján de Cuyo,Mendoza,-33.03620529174805,-68.87928771972656,Departamento Luján
Lic. Quiroga Jorge Alberto,Colón 455 2°,,(0261) 155360455,Ciudad de Mendoza,Mendoza,-32.89400863647461,-68.8458251953125,Ciudad de Mendoza
"Lic. Pérez, Noelia Belén",Santa Fé 146,,(0260) 154692838,San Rafael,Mendoza,-34.62061309814453,-68.33316802978516,Departamento San Rafael
"Lic. Del Col, Fabiana Alejandra",Mitre 1436,centro_vinculos@hotmail.com,(0299) 442-8400 (0299) 156107077 Solo mensaje,Neuquén,Neuquén,-38.957210540771484,-68.03916931152344,Ciudad de Neuquén
"Lic. Scabuzzo, Federico",Chile N° 60,,(0294) 154-327348,Junín de los Andes,Neuquén,-39.947303771972656,-71.07376861572266,Junín de los Andes
"Lic. Vendigni, Julieta Macarena",Moreno 158,,(011) 1566200507,San Antonio Oeste,Río Negro,-40.72927474975586,-64.94015502929688,San Antonio Oeste
"Lic. Cha, Florencia María",Uruguay 685,,(0387) 422-1469,Salta Capital,Salta,-24.781940460205078,-65.40109252929688,Salta Capital
"Lic. Hessling, Noelia Soledad",Caseros e/ República de Siria y Maipú 1716,,(0387) 155-048845,Salta Capital,Salta,-24.7886905670166,-65.42744445800781,Salta Capital
"Lic. Bruno, Ivana",Pje. Pampa 21 B° Tres Cerritos (Av. Juan B. Justo 600),,(0387)4712-117 - (0387)15443-7602,Salta Capital,Salta,-24.756572723388672,-65.39949035644531,Salta Capital
"Lic. Cabanillas, José",Zuviría 752,,(0387) 15-4640631,Salta Capital,Salta,-24.780611038208008,-65.40880584716797,Salta Capital
"Lic. Cabanillas, José",Pje. Mollinedo 451,,(0387) 15-4640631,Salta Capital,Salta,-24.782085418701172,-65.40816497802734,Salta Capital
"Lic. Cabanillas, José",Belgrano 1088,,(0387) 15-4640631,Salta Capital,Salta,-24.786914825439453,-65.4174575805664,Salta Capital
"Lic. Gómez Rincón, Lucía",San Luis 727,,(0387)422-3201,Salta Capital,Salta,-24.79720687866211,-65.41404724121094,Salta Capital
"Lic. Dutto, Diego Martín","Gorritti 10 ""101""",,0387-15-4655533,Salta Capital,Salta,-24.789356231689453,-65.41908264160156,Salta Capital
"Lic. Hanon, Renata Agustina",Gral. Güemes 430,,(0387)490-2424,Cerrillos,Salta,-24.899999618530273,-65.48332977294922,Cerrillos
"Dra. Perarnau, María Paula",Ituzaingo 1074,,(0266) 4642943 whatsapp,San Luis Capital,San Luis,-33.29718780517578,-66.33007049560547,San Luis Capital y alrededores
"Dra. Perarnau, María Paula",La Rioja 644,,(0266) 4024774,San Luis Capital,San Luis,-33.30100631713867,-66.32543182373047,San Luis Capital y alrededores
"Dra. Perarnau, María Paula",Av. Del Fundador 1450,,(0266) 4299561,San Luis Capital,San Luis,-33.294071197509766,-66.30339050292969,San Luis Capital y alrededores
"Lic. Ordoñez Beltran, Milagros",Absalon Rojas 811,,(0385) 154040355,Santiago del Estero,Santiago del Estero,-27.779035568237305,-64.26771545410156,Santiago del Estero
"Lic. Ortiz, Maria Fernanda",Ameghino 114,,(0385) 155371100,La Banda,Santiago del Estero,-27.730226516723633,-64.24188995361328,La Banda
"Lic. Mattar, Rocio Belen",Av. Moreno (N) 182,,(0385) 154869249,Santiago del Estero,Santiago del Estero,-27.784631729125977,-64.2701187133789,Santiago del Estero
"Lic. Capo, Natalia Licet",Av. H. Yrigoyen 424,,(03858) 15439250,Termas de Río Hondo,Santiago del Estero,-27.49407196044922,-64.85614013671875,Termas de Río Hondo
"Lic. Gomez Arce, Eliana Belen",Av. Alsina (O) 792,,(0385) 155913683,Santiago del Estero,Santiago del Estero,-27.798030853271484,-64.25933837890625,Santiago del Estero
"Lic. Sorroza, Erica",Sor Mercedes Guerra 92 P.B.,,(0385) 699-6583 (0385) 156976028,Santiago del Estero,Santiago del Estero,-27.78333282470703,-64.26667022705078,Santiago del Estero
"Lic. Escobar, Myrna Paola del Valle",Saenz Peña 120,,(0385) 154835289,La Banda,Santiago del Estero,-27.732070922851562,-64.24220275878906,La Banda
"Lic. Yapur, Florencia",25 de Mayo 445,,(0385) 154268518,Santiago del Estero,Santiago del Estero,-27.789243698120117,-64.2527847290039,Santiago del Estero
"Lic. Berta, Mario Bernardino",Av Saenz Peña 323,psic.marioberta@gmail.com,0381-153003186,San Miguel de Tucumán,Tucumán,-26.837051391601562,-65.19833374023438,San Miguel de Tucumán
"Lic. RODRIGUEZ, MARIELA ALEJANDRA",San Lorenzo 139,maralrodi01@gmail.com,(0381) 154-541323,San Miguel de Tucumán,Tucumán,-26.834890365600586,-65.1998291015625,San Miguel de Tucumán
"Lic. RODRIGUEZ, MARIELA ALEJANDRA",Rep. de Haití 10,maralrodi01@gmail.com,(0381) 154-541323,San Miguel de Tucumán,Tucumán,Latitud no disponible,Longitud no disponible,San Miguel de Tucumán
"Lic. Tejero, Sandra Viviana",9 DE JULIO 836,svtejero@yahoo.com.ar,(0381) 571-5564,San Miguel de Tucumán,Tucumán,-26.842342376708984,-65.20738220214844,San Miguel de Tucumán
"Lic. Cordova, María Rosana",Av. Aconquija 1898,rosana.cordova@gmail.com,,Yerba Buena,Tucumán,-26.812847137451172,-65.29708099365234,Yerba Buena
"Lic. Cordova, María Rosana",Crisostomo Alvarez 307 7°,rosana.cordova@gmail.com,0381-154-171429,San Miguel de Tucumán,Tucumán,-26.832841873168945,-65.20217895507812,San Miguel de Tucumán
